James,Butt,Orleans
Josephine,Darakjy,Livingston
Art,Venere,Gloucester
Lenna,Paprocki,Anchorage
Donette,Foller,Butler
Simona,Morasca,Ashland
Mitsue,Tollner,Cook
Leota,Dilliard,Santa Clara
Sage,Wieser,Minnehaha
Kris,Marrier,Baltimore City
Minna,Amigon,Montgomery
Abel,Maclead,Suffolk
Kiley,Caldarera,Los Angeles
Graciela,Ruta,Geauga
Cammy,Albares,Webb
Mattie,Poquette,Maricopa
Meaghan,Garufi,Warren
Gladys,Rim,Milwaukee
Yuki,Whobrey,Wayne
Fletcher,Flosi,Winnebago
Bette,Nicka,Delaware
Veronika,Inouye,Santa Clara
Willard,Kolmetz,Dallas
Maryann,Royster,Albany
Alisha,Slusarski,Middlesex
Allene,Iturbide,Portage
Chanel,Caudy,Johnson
Ezekiel,Chui,Talbot
Willow,Kusko,New York
Bernardo,Figeroa,Montgomery
Ammie,Corrio,Franklin
Francine,Vocelka,Dona Ana
Ernie,Stenseth,Bergen
Albina,Glick,Middlesex
Alishia,Sergi,New York
Solange,Shinko,Jefferson
Jose,Stockham,New York
Rozella,Ostrosky,Ventura
Valentine,Gillian,Bexar
Kati,Rulapaugh,Dickinson
Youlanda,Schemmer,Crook
Dyan,Oldroyd,Johnson
Roxane,Campain,Fairbanks North Star
Lavera,Perin,Miami-Dade
Erick,Ferencz,Fairbanks North Star
Fatima,Saylors,Hennepin
Jina,Briddick,Suffolk
Kanisha,Waycott,Los Angeles
Emerson,Bowley,Dane
Blair,Malet,Philadelphia
Brock,Bolognia,New York
Lorrie,Nestle,Coffee
Sabra,Uyetake,Richland
Marjory,Mastella,Delaware
Karl,Klonowski,Hunterdon
Tonette,Wenner,Nassau
Amber,Monarrez,Montgomery
Shenika,Seewald,Los Angeles
Delmy,Ahle,Providence
Deeanna,Juhas,Montgomery
Blondell,Pugh,Providence
Jamal,Vanausdal,Middlesex
Cecily,Hollack,Travis
Carmelina,Lindall,Douglas
Maurine,Yglesias,Milwaukee
Tawna,Buvens,New York
Penney,Weight,Anchorage
Elly,Morocco,Erie
Ilene,Eroman,Anne Arundel
Vallie,Mondella,Ada
Kallie,Blackwood,San Francisco
Johnetta,Abdallah,Orange
Bobbye,Rhym,San Mateo
Micaela,Rhymes,Contra Costa
Tamar,Hoogland,Madison
Moon,Parlato,Allegany
Laurel,Reitler,Baltimore City
Delisa,Crupi,Essex
Viva,Toelkes,Cook
Elza,Lipke,Essex
Devorah,Chickering,Curry
Timothy,Mulqueen,Richmond
Arlette,Honeywell,Duval
Dominque,Dickerson,Alameda
Lettie,Isenhower,Cuyahoga
Myra,Munns,Tarrant
Stephaine,Barfield,Los Angeles
Lai,Gato,Cook
Stephen,Emigh,Summit
Tyra,Shields,Philadelphia
Tammara,Wardrip,San Mateo
Cory,Gibes,Los Angeles
Danica,Bruschke,McLennan
Wilda,Giguere,Anchorage
Elvera,Benimadho,Santa Clara
Carma,Vanheusen,Alameda
Malinda,Hochard,Marion
Natalie,Fern,Sweetwater
Lisha,Centini,Fairfax
Arlene,Klusman,Orleans
Alease,Buemi,Boulder
Louisa,Cronauer,Alameda
Angella,Cetta,Honolulu
Cyndy,Goldammer,Dakota
Rosio,Cork,Guilford